bank_name,url,selector,js,type,pref,code
みずほ銀行,,,0,都銀,東京,
SMBC,,,0,都銀,東京,
りそな,,,0,都銀,東京,
ソニー銀行,,,0,新業態,東京,
大和ネクスト銀行,,,0,新業態,東京,
みんなの銀行,,,0,新業態,東京,
楽天銀行,,,0,新業態,東京,
ローソン銀行,,,0,新業態,東京,
ゆうちょ銀行,,,0,新業態,東京,
UI銀行,,,0,新業態,東京,
埼玉りそな銀行,,,,地方銀行,埼玉県,17
北海道銀行,,,,地方銀行,北海道,116
青森銀行,,,,地方銀行,青森県,117
みちのく銀行,,,,地方銀行,青森県,118
秋田銀行,,,,地方銀行,秋田県,119
北都銀行,,,,地方銀行,秋田県,120
荘内銀行,,,,地方銀行,山形県,121
山形銀行,,,,地方銀行,山形県,122
岩手銀行,,,,地方銀行,岩手県,123
東北銀行,,,,地方銀行,岩手県,124
七十七銀行,,,,地方銀行,宮城県,125
東邦銀行,,,,地方銀行,福島県,126
群馬銀行,,,,地方銀行,群馬県,128
足利銀行,,,,地方銀行,栃木県,129
常陽銀行,,,,地方銀行,茨城県,130
筑波銀行,,,,地方銀行,茨城県,131
武蔵野銀行,,,,地方銀行,埼玉県,133
千葉銀行,,,,地方銀行,千葉県,134
千葉興業銀行,,,,地方銀行,千葉県,135
きらぼし銀行,,,,地方銀行,東京都,137
横浜銀行,,,,地方銀行,神奈川県,138
第四北越銀行,,,,地方銀行,新潟県,140
山梨中央銀行,,,,地方銀行,山梨県,142
八十二銀行,,,,地方銀行,長野県,143
北陸銀行,,,,地方銀行,富山県,144
富山銀行,,,,地方銀行,富山県,145
北國銀行,,,,地方銀行,石川県,146
福井銀行,,,,地方銀行,福井県,147
静岡銀行,,,,地方銀行,静岡県,149
スルガ銀行,,,,地方銀行,静岡県,150
清水銀行,,,,地方銀行,静岡県,151
大垣共立銀行,,,,地方銀行,岐阜県,152
十六銀行,,,,地方銀行,岐阜県,153
三十三銀行,,,,地方銀行,三重県,154
百五銀行,,,,地方銀行,三重県,155
滋賀銀行,,,,地方銀行,滋賀県,157
京都銀行,,,,地方銀行,京都府,158
関西みらい銀行,,,,地方銀行,大阪府,159
池田泉州銀行,,,,地方銀行,大阪府,161
南都銀行,,,,地方銀行,奈良県,162
紀陽銀行,,,,地方銀行,和歌山県,163
但馬銀行,,,,地方銀行,兵庫県,164
鳥取銀行,,,,地方銀行,鳥取県,166
山陰合同銀行,,,,地方銀行,島根県,167
中国銀行,,,,地方銀行,岡山県,168
広島銀行,,,,地方銀行,広島県,169
山口銀行,,,,地方銀行,山口県,170
阿波銀行,,,,地方銀行,徳島県,172
百十四銀行,,,,地方銀行,香川県,173
伊予銀行,,,,地方銀行,愛媛県,174
四国銀行,,,,地方銀行,高知県,175
福岡銀行,,,,地方銀行,福岡県,177
筑邦銀行,,,,地方銀行,福岡県,178
佐賀銀行,,,,地方銀行,佐賀県,179
十八親和銀行,,,,地方銀行,長崎県,181
肥後銀行,,,,地方銀行,熊本県,182
大分銀行,,,,地方銀行,大分県,183
宮崎銀行,,,,地方銀行,宮崎県,184
鹿児島銀行,,,,地方銀行,鹿児島県,185
琉球銀行,,,,地方銀行,沖縄県,187
沖縄銀行,,,,地方銀行,沖縄県,188
西日本シティ銀行,,,,地方銀行,福岡県,190
北九州銀行,,,,地方銀行,福岡県,191
北洋銀行,,,,第二地方銀行,北海道,501
きらやか銀行,,,,第二地方銀行,山形県,508
北日本銀行,,,,第二地方銀行,岩手県,509
仙台銀行,,,,第二地方銀行,宮城県,512
福島銀行,,,,第二地方銀行,福島県,513
大東銀行,,,,第二地方銀行,福島県,514
東和銀行,,,,第二地方銀行,群馬県,516
栃木銀行,,,,第二地方銀行,栃木県,517
京葉銀行,,,,第二地方銀行,千葉県,522
東日本銀行,,,,第二地方銀行,東京都,525
東京スター銀行,,,,第二地方銀行,東京都,526
神奈川銀行,,,,第二地方銀行,神奈川県,530
大光銀行,,,,第二地方銀行,新潟県,532
長野銀行,,,,第二地方銀行,長野県,533
富山第一銀行,,,,第二地方銀行,富山県,534
福邦銀行,,,,第二地方銀行,福井県,537
静岡中央銀行,,,,第二地方銀行,静岡県,538
愛知銀行,,,,第二地方銀行,愛知県,542
名古屋銀行,,,,第二地方銀行,愛知県,543
中京銀行,,,,第二地方銀行,愛知県,544
みなと銀行,,,,第二地方銀行,兵庫県,562
島根銀行,,,,第二地方銀行,島根県,565
トマト銀行,,,,第二地方銀行,岡山県,566
もみじ銀行,,,,第二地方銀行,広島県,569
西京銀行,,,,第二地方銀行,山口県,570
徳島大正銀行,,,,第二地方銀行,徳島県,572
香川銀行,,,,第二地方銀行,香川県,573
愛媛銀行,,,,第二地方銀行,愛媛県,576
高知銀行,,,,第二地方銀行,高知県,578
福岡中央銀行,,,,第二地方銀行,福岡県,582
佐賀共栄銀行,,,,第二地方銀行,佐賀県,583
長崎銀行,,,,第二地方銀行,長崎県,585
熊本銀行,,,,第二地方銀行,熊本県,587
豊和銀行,,,,第二地方銀行,大分県,590
宮崎太陽銀行,,,,第二地方銀行,宮崎県,591
南日本銀行,,,,第二地方銀行,鹿児島県,594
沖縄海邦銀行,,,,第二地方銀行,沖縄県,596
北海道信用金庫,,,,信用金庫,北海道,1001
室蘭信用金庫,,,,信用金庫,北海道,1003
空知信用金庫,,,,信用金庫,北海道,1004
苫小牧信用金庫,,,,信用金庫,北海道,1006
北門信用金庫,,,,信用金庫,北海道,1008
伊達信用金庫,,,,信用金庫,北海道,1009
北空知信用金庫,,,,信用金庫,北海道,1010
日高信用金庫,,,,信用金庫,北海道,1011
渡島信用金庫,,,,信用金庫,北海道,1013
道南うみ街信用金庫,,,,信用金庫,北海道,1014
旭川信用金庫,,,,信用金庫,北海道,1020
稚内信用金庫,,,,信用金庫,北海道,1021
留萌信用金庫,,,,信用金庫,北海道,1022
北星信用金庫,,,,信用金庫,北海道,1024
帯広信用金庫,,,,信用金庫,北海道,1026
釧路信用金庫,,,,信用金庫,北海道,1027
大地みらい信用金庫,,,,信用金庫,北海道,1028
北見信用金庫,,,,信用金庫,北海道,1030
網走信用金庫,,,,信用金庫,北海道,1031
遠軽信用金庫,,,,信用金庫,北海道,1033
東奥信用金庫,,,,信用金庫,青森県,1104
青い森信用金庫,,,,信用金庫,青森県,1105
秋田信用金庫,,,,信用金庫,秋田県,1120
羽後信用金庫,,,,信用金庫,秋田県,1123
山形信用金庫,,,,信用金庫,山形県,1140
米沢信用金庫,,,,信用金庫,山形県,1141
鶴岡信用金庫,,,,信用金庫,山形県,1142
新庄信用金庫,,,,信用金庫,山形県,1143
盛岡信用金庫,,,,信用金庫,岩手県,1150
宮古信用金庫,,,,信用金庫,岩手県,1152
一関信用金庫,,,,信用金庫,岩手県,1153
北上信用金庫,,,,信用金庫,岩手県,1154
花巻信用金庫,,,,信用金庫,岩手県,1155
水沢信用金庫,,,,信用金庫,岩手県,1156
杜の都信用金庫,,,,信用金庫,宮城県,1170
宮城第一信用金庫,,,,信用金庫,宮城県,1171
石巻信用金庫,,,,信用金庫,宮城県,1172
仙南信用金庫,,,,信用金庫,宮城県,1174
気仙沼信用金庫,,,,信用金庫,宮城県,1175
会津信用金庫,,,,信用金庫,福島県,1181
郡山信用金庫,,,,信用金庫,福島県,1182
白河信用金庫,,,,信用金庫,福島県,1184
須賀川信用金庫,,,,信用金庫,福島県,1185
ひまわり信用金庫,,,,信用金庫,福島県,1186
あぶくま信用金庫,,,,信用金庫,福島県,1188
二本松信用金庫,,,,信用金庫,福島県,1189
福島信用金庫,,,,信用金庫,福島県,1190
高崎信用金庫,,,,信用金庫,群馬県,1203
桐生信用金庫,,,,信用金庫,群馬県,1204
アイオー信用金庫,,,,信用金庫,群馬県,1206
利根郡信用金庫,,,,信用金庫,群馬県,1208
館林信用金庫,,,,信用金庫,群馬県,1209
北群馬信用金庫,,,,信用金庫,群馬県,1210
しののめ信用金庫,,,,信用金庫,群馬県,1211
足利小山信用金庫,,,,信用金庫,栃木県,1221
栃木信用金庫,,,,信用金庫,栃木県,1222
鹿沼相互信用金庫,,,,信用金庫,栃木県,1223
佐野信用金庫,,,,信用金庫,栃木県,1224
大田原信用金庫,,,,信用金庫,栃木県,1225
烏山信用金庫,,,,信用金庫,栃木県,1227
水戸信用金庫,,,,信用金庫,茨城県,1240
結城信用金庫,,,,信用金庫,茨城県,1242
埼玉縣信用金庫,,,,信用金庫,埼玉県,1250
川口信用金庫,,,,信用金庫,埼玉県,1251
青木信用金庫,,,,信用金庫,埼玉県,1252
飯能信用金庫,,,,信用金庫,埼玉県,1253
千葉信用金庫,,,,信用金庫,千葉県,1260
銚子信用金庫,,,,信用金庫,千葉県,1261
東京ベイ信用金庫,,,,信用金庫,千葉県,1262
館山信用金庫,,,,信用金庫,千葉県,1264
佐原信用金庫,,,,信用金庫,千葉県,1267
横浜信用金庫,,,,信用金庫,神奈川県,1280
かながわ信用金庫,,,,信用金庫,神奈川県,1281
湘南信用金庫,,,,信用金庫,神奈川県,1282
川崎信用金庫,,,,信用金庫,神奈川県,1283
平塚信用金庫,,,,信用金庫,神奈川県,1286
さがみ信用金庫,,,,信用金庫,神奈川県,1288
中栄信用金庫,,,,信用金庫,神奈川県,1289
中南信用金庫,,,,信用金庫,神奈川県,1290
朝日信用金庫,,,,信用金庫,東京都,1303
興産信用金庫,,,,信用金庫,東京都,1305
さわやか信用金庫,,,,信用金庫,東京都,1310
東京シティ信用金庫,,,,信用金庫,東京都,1311
芝信用金庫,,,,信用金庫,東京都,1319
東京東信用金庫,,,,信用金庫,東京都,1320
東榮信用金庫,,,,信用金庫,東京都,1321
亀有信用金庫,,,,信用金庫,東京都,1323
小松川信用金庫,,,,信用金庫,東京都,1326
足立成和信用金庫,,,,信用金庫,東京都,1327
東京三協信用金庫,,,,信用金庫,東京都,1333
西京信用金庫,,,,信用金庫,東京都,1336
西武信用金庫,,,,信用金庫,東京都,1341
城南信用金庫,,,,信用金庫,東京都,1344
昭和信用金庫,,,,信用金庫,東京都,1345
目黒信用金庫,,,,信用金庫,東京都,1346
世田谷信用金庫,,,,信用金庫,東京都,1348
東京信用金庫,,,,信用金庫,東京都,1349
城北信用金庫,,,,信用金庫,東京都,1351
瀧野川信用金庫,,,,信用金庫,東京都,1352
巣鴨信用金庫,,,,信用金庫,東京都,1356
青梅信用金庫,,,,信用金庫,東京都,1358
多摩信用金庫,,,,信用金庫,東京都,1360
新潟信用金庫,,,,信用金庫,新潟県,1370
長岡信用金庫,,,,信用金庫,新潟県,1371
三条信用金庫,,,,信用金庫,新潟県,1373
新発田信用金庫,,,,信用金庫,新潟県,1374
柏崎信用金庫,,,,信用金庫,新潟県,1375
上越信用金庫,,,,信用金庫,新潟県,1376
新井信用金庫,,,,信用金庫,新潟県,1377
村上信用金庫,,,,信用金庫,新潟県,1379
加茂信用金庫,,,,信用金庫,新潟県,1380
甲府信用金庫,,,,信用金庫,山梨県,1385
山梨信用金庫,,,,信用金庫,山梨県,1386
長野信用金庫,,,,信用金庫,長野県,1390
松本信用金庫,,,,信用金庫,長野県,1391
上田信用金庫,,,,信用金庫,長野県,1392
諏訪信用金庫,,,,信用金庫,長野県,1393
飯田信用金庫,,,,信用金庫,長野県,1394
アルプス中央信用金庫,,,,信用金庫,長野県,1396
富山信用金庫,,,,信用金庫,富山県,1401
高岡信用金庫,,,,信用金庫,富山県,1402
新湊信用金庫,,,,信用金庫,富山県,1404
にいかわ信用金庫,,,,信用金庫,富山県,1405
氷見伏木信用金庫,,,,信用金庫,富山県,1406
砺波信用金庫,,,,信用金庫,富山県,1412
石動信用金庫,,,,信用金庫,富山県,1413
金沢信用金庫,,,,信用金庫,石川県,1440
のと共栄信用金庫,,,,信用金庫,石川県,1442
はくさん信用金庫,,,,信用金庫,石川県,1444
興能信用金庫,,,,信用金庫,石川県,1448
福井信用金庫,,,,信用金庫,福井県,1470
敦賀信用金庫,,,,信用金庫,福井県,1471
小浜信用金庫,,,,信用金庫,福井県,1473
越前信用金庫,,,,信用金庫,福井県,1475
しずおか焼津信用金庫,,,,信用金庫,静岡県,1501
静清信用金庫,,,,信用金庫,静岡県,1502
浜松磐田信用金庫,,,,信用金庫,静岡県,1503
沼津信用金庫,,,,信用金庫,静岡県,1505
三島信用金庫,,,,信用金庫,静岡県,1506
富士宮信用金庫,,,,信用金庫,静岡県,1507
島田掛川信用金庫,,,,信用金庫,静岡県,1513
富士信用金庫,,,,信用金庫,静岡県,1515
遠州信用金庫,,,,信用金庫,静岡県,1517
岐阜信用金庫,,,,信用金庫,岐阜県,1530
大垣西濃信用金庫,,,,信用金庫,岐阜県,1531
高山信用金庫,,,,信用金庫,岐阜県,1532
東濃信用金庫,,,,信用金庫,岐阜県,1533
関信用金庫,,,,信用金庫,岐阜県,1534
八幡信用金庫,,,,信用金庫,岐阜県,1538
愛知信用金庫,,,,信用金庫,愛知県,1550
豊橋信用金庫,,,,信用金庫,愛知県,1551
岡崎信用金庫,,,,信用金庫,愛知県,1552
いちい信用金庫,,,,信用金庫,愛知県,1553
瀬戸信用金庫,,,,信用金庫,愛知県,1554
半田信用金庫,,,,信用金庫,愛知県,1555
知多信用金庫,,,,信用金庫,愛知県,1556
豊川信用金庫,,,,信用金庫,愛知県,1557
豊田信用金庫,,,,信用金庫,愛知県,1559
碧海信用金庫,,,,信用金庫,愛知県,1560
西尾信用金庫,,,,信用金庫,愛知県,1561
蒲郡信用金庫,,,,信用金庫,愛知県,1562
尾西信用金庫,,,,信用金庫,愛知県,1563
中日信用金庫,,,,信用金庫,愛知県,1565
東春信用金庫,,,,信用金庫,愛知県,1566
津信用金庫,,,,信用金庫,三重県,1580
北伊勢上野信用金庫,,,,信用金庫,三重県,1581
桑名三重信用金庫,,,,信用金庫,三重県,1583
紀北信用金庫,,,,信用金庫,三重県,1585
滋賀中央信用金庫,,,,信用金庫,滋賀県,1602
長浜信用金庫,,,,信用金庫,滋賀県,1603
湖東信用金庫,,,,信用金庫,滋賀県,1604
京都信用金庫,,,,信用金庫,京都府,1610
京都中央信用金庫,,,,信用金庫,京都府,1611
京都北都信用金庫,,,,信用金庫,京都府,1620
大阪信用金庫,,,,信用金庫,大阪府,1630
大阪厚生信用金庫,,,,信用金庫,大阪府,1633
大阪シティ信用金庫,,,,信用金庫,大阪府,1635
大阪商工信用金庫,,,,信用金庫,大阪府,1636
永和信用金庫,,,,信用金庫,大阪府,1643
北おおさか信用金庫,,,,信用金庫,大阪府,1645
枚方信用金庫,,,,信用金庫,大阪府,1656
奈良信用金庫,,,,信用金庫,奈良県,1666
大和信用金庫,,,,信用金庫,奈良県,1667
奈良中央信用金庫,,,,信用金庫,奈良県,1668
新宮信用金庫,,,,信用金庫,和歌山県,1671
きのくに信用金庫,,,,信用金庫,和歌山県,1674
神戸信用金庫,,,,信用金庫,兵庫県,1680
姫路信用金庫,,,,信用金庫,兵庫県,1685
播州信用金庫,,,,信用金庫,兵庫県,1686
兵庫信用金庫,,,,信用金庫,兵庫県,1687
尼崎信用金庫,,,,信用金庫,兵庫県,1688
日新信用金庫,,,,信用金庫,兵庫県,1689
淡路信用金庫,,,,信用金庫,兵庫県,1691
但馬信用金庫,,,,信用金庫,兵庫県,1692
西兵庫信用金庫,,,,信用金庫,兵庫県,1694
中兵庫信用金庫,,,,信用金庫,兵庫県,1695
但陽信用金庫,,,,信用金庫,兵庫県,1696
鳥取信用金庫,,,,信用金庫,鳥取県,1701
米子信用金庫,,,,信用金庫,鳥取県,1702
倉吉信用金庫,,,,信用金庫,鳥取県,1703
しまね信用金庫,,,,信用金庫,島根県,1710
日本海信用金庫,,,,信用金庫,島根県,1711
島根中央信用金庫,,,,信用金庫,島根県,1712
おかやま信用金庫,,,,信用金庫,岡山県,1732
水島信用金庫,,,,信用金庫,岡山県,1734
津山信用金庫,,,,信用金庫,岡山県,1735
玉島信用金庫,,,,信用金庫,岡山県,1738
備北信用金庫,,,,信用金庫,岡山県,1740
吉備信用金庫,,,,信用金庫,岡山県,1741
備前日生信用金庫,,,,信用金庫,岡山県,1743
広島信用金庫,,,,信用金庫,広島県,1750
呉信用金庫,,,,信用金庫,広島県,1752
しまなみ信用金庫,,,,信用金庫,広島県,1756
広島みどり信用金庫,,,,信用金庫,広島県,1758
萩山口信用金庫,,,,信用金庫,山口県,1780
西中国信用金庫,,,,信用金庫,山口県,1781
東山口信用金庫,,,,信用金庫,山口県,1789
徳島信用金庫,,,,信用金庫,徳島県,1801
阿南信用金庫,,,,信用金庫,徳島県,1803
高松信用金庫,,,,信用金庫,香川県,1830
観音寺信用金庫,,,,信用金庫,香川県,1833
愛媛信用金庫,,,,信用金庫,愛媛県,1860
宇和島信用金庫,,,,信用金庫,愛媛県,1862
東予信用金庫,,,,信用金庫,愛媛県,1864
川之江信用金庫,,,,信用金庫,愛媛県,1866
幡多信用金庫,,,,信用金庫,高知県,1880
高知信用金庫,,,,信用金庫,高知県,1881
福岡信用金庫,,,,信用金庫,福岡県,1901
福岡ひびき信用金庫,,,,信用金庫,福岡県,1903
大牟田柳川信用金庫,,,,信用金庫,福岡県,1908
筑後信用金庫,,,,信用金庫,福岡県,1909
飯塚信用金庫,,,,信用金庫,福岡県,1910
田川信用金庫,,,,信用金庫,福岡県,1913
大川信用金庫,,,,信用金庫,福岡県,1917
遠賀信用金庫,,,,信用金庫,福岡県,1920
唐津信用金庫,,,,信用金庫,佐賀県,1930
佐賀信用金庫,,,,信用金庫,佐賀県,1931
伊万里信用金庫,,,,信用金庫,佐賀県,1932
九州ひぜん信用金庫,,,,信用金庫,佐賀県,1933
たちばな信用金庫,,,,信用金庫,長崎県,1942
熊本信用金庫,,,,信用金庫,熊本県,1951
熊本第一信用金庫,,,,信用金庫,熊本県,1952
熊本中央信用金庫,,,,信用金庫,熊本県,1954
天草信用金庫,,,,信用金庫,熊本県,1955
大分信用金庫,,,,信用金庫,大分県,1960
大分みらい信用金庫,,,,信用金庫,大分県,1962
日田信用金庫,,,,信用金庫,大分県,1968
宮崎第一信用金庫,,,,信用金庫,宮崎県,1980
延岡信用金庫,,,,信用金庫,宮崎県,1982
高鍋信用金庫,,,,信用金庫,宮崎県,1985
鹿児島信用金庫,,,,信用金庫,鹿児島県,1990
鹿児島相互信用金庫,,,,信用金庫,鹿児島県,1991
奄美大島信用金庫,,,,信用金庫,鹿児島県,1993
コザ信用金庫,,,,信用金庫,沖縄県,1996
北央信用組合,,,,信用組合,北海道,2011
札幌中央信用組合,,,,信用組合,北海道,2013
ウリ信用組合,,,,信用組合,北海道,2014
函館商工信用組合,,,,信用組合,北海道,2017
空知商工信用組合,,,,信用組合,北海道,2019
十勝信用組合,,,,信用組合,北海道,2024
釧路信用組合,,,,信用組合,北海道,2025
青森県信用組合,,,,信用組合,青森県,2030
杜陵信用組合,,,,信用組合,岩手県,2045
岩手県医師信用組合,,,,信用組合,岩手県,2049
あすか信用組合,,,,信用組合,東京都,2060
石巻商工信用組合,,,,信用組合,宮城県,2061
古川信用組合,,,,信用組合,宮城県,2062
仙北信用組合,,,,信用組合,宮城県,2063
秋田県信用組合,,,,信用組合,秋田県,2075
北郡信用組合,,,,信用組合,山形県,2083
山形中央信用組合,,,,信用組合,山形県,2084
山形第一信用組合,,,,信用組合,山形県,2085
山形県医師信用組合,,,,信用組合,山形県,2087
福島県商工信用組合,,,,信用組合,福島県,2090
いわき信用組合,,,,信用組合,福島県,2092
相双五城信用組合,,,,信用組合,福島県,2095
会津商工信用組合,,,,信用組合,福島県,2096
茨城県信用組合,,,,信用組合,茨城県,2101
真岡信用組合,,,,信用組合,栃木県,2122
那須信用組合,,,,信用組合,栃木県,2125
あかぎ信用組合,,,,信用組合,群馬県,2143
群馬県信用組合,,,,信用組合,群馬県,2146
ぐんまみらい信用組合,,,,信用組合,群馬県,2149
群馬県医師信用組合,,,,信用組合,群馬県,2151
埼玉県医師信用組合,,,,信用組合,埼玉県,2162
熊谷商工信用組合,,,,信用組合,埼玉県,2165
埼玉信用組合,,,,信用組合,埼玉県,2167
房総信用組合,,,,信用組合,千葉県,2180
銚子商工信用組合,,,,信用組合,千葉県,2184
君津信用組合,,,,信用組合,千葉県,2190
全東栄信用組合,,,,信用組合,東京都,2202
東浴信用組合,,,,信用組合,東京都,2210
文化産業信用組合,,,,信用組合,東京都,2211
東京証券信用組合,,,,信用組合,東京都,2215
東京厚生信用組合,,,,信用組合,東京都,2224
東信用組合,,,,信用組合,東京都,2226
江東信用組合,,,,信用組合,東京都,2229
青和信用組合,,,,信用組合,東京都,2231
中ノ郷信用組合,,,,信用組合,東京都,2235
共立信用組合,,,,信用組合,東京都,2241
七島信用組合,,,,信用組合,東京都,2243
大東京信用組合,,,,信用組合,東京都,2248
第一勧業信用組合,,,,信用組合,東京都,2254
警視庁職員信用組合,,,,信用組合,東京都,2271
東京消防信用組合,,,,信用組合,東京都,2274
東京都職員信用組合,,,,信用組合,東京都,2276
ハナ信用組合,,,,信用組合,東京都,2277
神奈川県医師信用組合,,,,信用組合,神奈川県,2304
神奈川県歯科医師信用組合,,,,信用組合,神奈川県,2305
横浜幸銀信用組合,,,,信用組合,神奈川県,2306
信用組合横浜華銀,,,,信用組合,神奈川県,2307
小田原第一信用組合,,,,信用組合,神奈川県,2315
相愛信用組合,,,,信用組合,神奈川県,2318
静岡県医師信用組合,,,,信用組合,静岡県,2332
新潟縣信用組合,,,,信用組合,新潟県,2351
新潟鉄道信用組合,,,,信用組合,新潟県,2354
興栄信用組合,,,,信用組合,新潟県,2356
はばたき信用組合,,,,信用組合,新潟県,2357
協栄信用組合,,,,信用組合,新潟県,2360
三條信用組合,,,,信用組合,新潟県,2361
巻信用組合,,,,信用組合,新潟県,2362
新潟大栄信用組合,,,,信用組合,新潟県,2363
ゆきぐに信用組合,,,,信用組合,新潟県,2365
糸魚川信用組合,,,,信用組合,新潟県,2366
山梨県民信用組合,,,,信用組合,山梨県,2377
都留信用組合,,,,信用組合,山梨県,2378
長野県信用組合,,,,信用組合,長野県,2390
富山県医師信用組合,,,,信用組合,富山県,2402
富山県信用組合,,,,信用組合,富山県,2404
金沢中央信用組合,,,,信用組合,石川県,2411
石川県医師信用組合,,,,信用組合,石川県,2417
福泉信用組合,,,,信用組合,福井県,2430
福井県医師信用組合,,,,信用組合,福井県,2435
丸八信用組合,,,,信用組合,愛知県,2440
信用組合愛知商銀,,,,信用組合,愛知県,2442
愛知県警察信用組合,,,,信用組合,愛知県,2443
名古屋青果物信用組合,,,,信用組合,愛知県,2444
愛知県医療信用組合,,,,信用組合,愛知県,2446
愛知県医師信用組合,,,,信用組合,愛知県,2447
豊橋商工信用組合,,,,信用組合,愛知県,2448
愛知県中央信用組合,,,,信用組合,愛知県,2451
岐阜商工信用組合,,,,信用組合,岐阜県,2470
イオ信用組合,,,,信用組合,岐阜県,2471
岐阜県医師信用組合,,,,信用組合,岐阜県,2473
飛騨信用組合,,,,信用組合,岐阜県,2476
益田信用組合,,,,信用組合,岐阜県,2481
三重県職員信用組合,,,,信用組合,三重県,2485
滋賀県民信用組合,,,,信用組合,滋賀県,2504
滋賀県信用組合,,,,信用組合,滋賀県,2505
京滋信用組合,,,,信用組合,京都府,2526
大同信用組合,,,,信用組合,大阪府,2540
成協信用組合,,,,信用組合,大阪府,2541
大阪協栄信用組合,,,,信用組合,大阪府,2543
大阪貯蓄信用組合,,,,信用組合,大阪府,2548
のぞみ信用組合,,,,信用組合,大阪府,2549
中央信用組合,,,,信用組合,大阪府,2556
大阪府医師信用組合,,,,信用組合,大阪府,2560
大阪府警察信用組合,,,,信用組合,大阪府,2566
近畿産業信用組合,,,,信用組合,大阪府,2567
朝日新聞信用組合,,,,信用組合,東京都,2580
毎日信用組合,,,,信用組合,大阪府,2581
ミレ信用組合,,,,信用組合,大阪府,2582
兵庫県警察信用組合,,,,信用組合,兵庫県,2602
兵庫県医療信用組合,,,,信用組合,兵庫県,2605
兵庫県信用組合,,,,信用組合,兵庫県,2606
神戸市職員信用組合,,,,信用組合,兵庫県,2610
淡陽信用組合,,,,信用組合,兵庫県,2616
兵庫ひまわり信用組合,,,,信用組合,兵庫県,2620
和歌山県医師信用組合,,,,信用組合,和歌山県,2634
島根益田信用組合,,,,信用組合,島根県,2661
朝銀西信用組合,,,,信用組合,岡山県,2672
笠岡信用組合,,,,信用組合,岡山県,2674
広島市信用組合,,,,信用組合,広島県,2680
広島県信用組合,,,,信用組合,広島県,2681
信用組合広島商銀,,,,信用組合,広島県,2684
呉市職員信用組合,,,,信用組合,広島県,2686
両備信用組合,,,,信用組合,広島県,2690
備後信用組合,,,,信用組合,広島県,2696
山口県信用組合,,,,信用組合,山口県,2703
香川県信用組合,,,,信用組合,香川県,2721
土佐信用組合,,,,信用組合,高知県,2740
宿毛商銀信用組合,,,,信用組合,高知県,2741
福岡県庁信用組合,,,,信用組合,福岡県,2751
福岡県医師信用組合,,,,信用組合,福岡県,2753
福岡県信用組合,,,,信用組合,福岡県,2773
佐賀県医師信用組合,,,,信用組合,佐賀県,2802
佐賀東信用組合,,,,信用組合,佐賀県,2803
佐賀西信用組合,,,,信用組合,佐賀県,2808
長崎三菱信用組合,,,,信用組合,長崎県,2820
長崎県医師信用組合,,,,信用組合,長崎県,2821
西海みずき信用組合,,,,信用組合,長崎県,2825
福江信用組合,,,,信用組合,長崎県,2833
熊本県医師信用組合,,,,信用組合,熊本県,2842
熊本県信用組合,,,,信用組合,熊本県,2845
大分県信用組合,,,,信用組合,大分県,2870
宮崎県南部信用組合,,,,信用組合,宮崎県,2884
鹿児島興業信用組合,,,,信用組合,鹿児島県,2890
鹿児島県医師信用組合,,,,信用組合,鹿児島県,2891
奄美信用組合,,,,信用組合,鹿児島県,2895
